case_id,license_id,case_status,complaint_type,enforcement_action,response_due_date,closure_status,case_note
CASE-901,LIC-2026-901,closed,recordkeeping,warning_letter,2026-05-12,accepted,Warning letter satisfied
CASE-902,LIC-2026-902,closed,background_check,none,2026-05-12,accepted,No enforcement action required
CASE-903,LIC-2026-903,open,unsafe_equipment,inspection_hold,2026-05-20,pending,Open practical equipment issue
CASE-904,LIC-2026-904,open,child_safety,correction_order,2026-05-18,pending,Gate latch correction invoice missing
CASE-905,LIC-2026-905,open,vehicle_safety,license_hold,2026-05-16,pending,Vehicle oxygen mount proof missing
CASE-906,LIC-2026-906,open,chemical_storage,conditional_restriction,2026-05-22,pending,Labeling and CE remediation unresolved
CASE-907,LIC-2026-907,closed,training_record,none,2026-05-12,accepted,Closed after accepted training record
CASE-908,LIC-2026-908,open,infection_control,license_hold,2026-05-15,drafted,Draft closure letter not accepted by enforcement supervisor
CASE-909,LIC-2026-909,duplicate_only,chemical_storage,conditional_restriction,2026-05-22,duplicate_only,Duplicate-only enforcement copied from LIC-2026-906
