exam_id,license_id,exam_type,exam_status,score,minimum_passing_score,exam_attempt_date,examiner_note
EXAM-901,LIC-2026-901,food_safety,passed,88,75,2026-05-03,Passed with accepted proctor signature
EXAM-902,LIC-2026-902,home_care_admin,passed,91,80,2026-05-04,Passed with accepted ID check
EXAM-903,LIC-2026-903,elevator_mechanic,written_passed_practical_pending,82,80,2026-05-05,Written exam passed but practical inspection signoff still pending
EXAM-904,LIC-2026-904,childcare_director,passed,86,80,2026-05-05,Passed; staffing ratio issue belongs to inspection review
EXAM-905,LIC-2026-905,medical_transport_safety,passed,84,80,2026-05-06,Passed but vehicle inspection and payment evidence still unresolved
EXAM-906,LIC-2026-906,pesticide_applicator,conditional_pass,79,80,2026-05-06,Conditional continuing education remediation required before renewal
EXAM-907,LIC-2026-907,crane_operator,passed,94,85,2026-05-07,Passed with accepted field examiner note
EXAM-908,LIC-2026-908,body_art_infection_control,passed,90,80,2026-05-08,Passed but enforcement hold may override issuance
EXAM-909,LIC-2026-909,pesticide_applicator,duplicate_only,79,80,2026-05-06,Duplicate-only exam copied from LIC-2026-906
