check_id,license_id,facility_id,check_status,life_safety_item,documentation_item,required_correction,check_note
SAFE-901,LIC-2026-901,FAC-901,accepted,pass,pass,none,Checklist accepted
SAFE-902,LIC-2026-902,FAC-902,accepted,pass,pass,none,Checklist accepted
SAFE-903,LIC-2026-903,FAC-903,pending,pass,pending,practical field checklist,Field checklist awaiting inspector signoff
SAFE-904,LIC-2026-904,FAC-904,open,fail,pass,repair playground latch,Gate latch failed and correction invoice missing
SAFE-905,LIC-2026-905,FAC-905,hold,fail,pending,secure oxygen cylinder mount,Vehicle safety correction proof missing
SAFE-906,LIC-2026-906,FAC-906,limited_use,fail,pending,relabeled chemical storage,Chemical storage correction evidence limited by inspection row reconstruction
SAFE-907,LIC-2026-907,FAC-907,accepted,pass,pass,none,Checklist accepted
SAFE-908,LIC-2026-908,FAC-908,enforcement_hold,pass,pass,complaint clearance,Facility checklist passed but enforcement hold persists
SAFE-909,LIC-2026-909,FAC-909,duplicate_only,fail,pending,duplicate-only correction,Duplicate-only checklist copied from LIC-2026-906
