inspection_id,license_id,facility_id,inspection_status,critical_violation_count,minor_violation_count,followup_required,inspection_note
INSP-901,LIC-2026-901,FAC-901,passed,0,1,false,Minor signage issue closed during inspection
INSP-902,LIC-2026-902,FAC-902,passed,0,0,false,Home-care file review accepted
INSP-903,LIC-2026-903,FAC-903,pending_practical,0,2,true,Practical elevator equipment signoff still pending
INSP-904,LIC-2026-904,FAC-904,conditional,1,3,true,Playground gate latch failed follow-up required
INSP-905,LIC-2026-905,FAC-905,vehicle_hold,2,1,true,Ambulance oxygen cylinder mount unresolved
INSP-906,LIC-2026-906,FAC-906,conditional,1,2,true,Chemical storage label torn, secondary container mismatch
INSP-907,LIC-2026-907,FAC-907,passed,0,0,false,Crane simulator and rigging classroom accepted
INSP-908,LIC-2026-908,FAC-908,passed_with_enforcement_hold,0,1,true,Sharps log corrected but complaint hold remains open
INSP-909,LIC-2026-909,FAC-909,duplicate_only,1,2,true,Duplicate-only inspection copied from LIC-2026-906
