revision_id,license_id,revision_date,revision_status,changed_file,revision_note
REV-901,LIC-2026-901,2026-05-10,current,inspection_findings.csv,Minor signage closure retained
REV-902,LIC-2026-902,2026-05-10,current,renewal_fee_payments.csv,"Fee waiver applied, renewal balance cleared"
REV-903,LIC-2026-903,2026-05-11,current,inspection_findings.csv,Practical inspection remains pending
REV-904,LIC-2026-904,2026-05-11,current,inspector_field_notes.txt,Draft phone note did not close latch correction
REV-905,LIC-2026-905,2026-05-12,current,renewal_fee_payments.csv,Payment export needs correction
REV-906,LIC-2026-906,2026-05-12,current,inspection_findings.csv,Inspection row reconstructed for limited-use notes
REV-907,LIC-2026-907,2026-05-12,current,exam_result_log.csv,Accepted exam and field inspection verified
REV-908,LIC-2026-908,2026-05-13,current,complaint_enforcement_log.csv,Draft closure letter remains unaccepted
REV-909,LIC-2026-909,2026-05-13,duplicate_only,license_application_register.csv,Closed duplicate revision copied from LIC-2026-906
